{
  "refactor": {
    "per_model": {
      "Llama-3.1-8B": {
        "n": 1500,
        "annotated_k1": 0.7346666666666667,
        "annotated_k1_ci95": [
          0.6585507246376812,
          0.8111111111111111
        ],
        "annotated_k8": 0.7316666666666667,
        "k1_vs_k8_gap": 0.0030000000000000027,
        "unannotated_k1": 0.5613333333333334,
        "unannotated_k1_ci95": [
          0.4905263157894737,
          0.633015873015873
        ],
        "delta": -0.17333333333333334,
        "delta_ci95": [
          -0.2414814814814815,
          -0.12347826086956522
        ],
        "delta_significant": true
      },
      "Mistral-24B": {
        "n": 1500,
        "annotated_k1": 0.834,
        "annotated_k1_ci95": [
          0.7985964912280702,
          0.8698039215686274
        ],
        "annotated_k8": 0.832,
        "k1_vs_k8_gap": 0.0020000000000000018,
        "unannotated_k1": 0.73,
        "unannotated_k1_ci95": [
          0.6812698412698412,
          0.7782456140350877
        ],
        "delta": -0.104,
        "delta_ci95": [
          -0.1663768115942029,
          -0.04927536231884058
        ],
        "delta_significant": true
      },
      "Llama-3.3-70B": {
        "n": 1500,
        "annotated_k1": 0.9453333333333334,
        "annotated_k1_ci95": [
          0.8977777777777778,
          0.9829629629629629
        ],
        "annotated_k8": 0.9453333333333334,
        "k1_vs_k8_gap": 0.0,
        "unannotated_k1": 0.8693333333333333,
        "unannotated_k1_ci95": [
          0.7960493827160494,
          0.9259259259259259
        ],
        "delta": -0.076,
        "delta_ci95": [
          -0.12111111111111111,
          -0.028070175438596492
        ],
        "delta_significant": true
      },
      "DeepSeek-V4-Flash": {
        "n": 1500,
        "annotated_k1": 0.9866666666666667,
        "annotated_k1_ci95": [
          0.9610666666666666,
          1.0
        ],
        "annotated_k8": 0.9865833333333334,
        "k1_vs_k8_gap": 8.333333333332416e-05,
        "unannotated_k1": 0.9693333333333334,
        "unannotated_k1_ci95": [
          0.9445333333333333,
          0.9889855072463768
        ],
        "delta": -0.017333333333333333,
        "delta_ci95": [
          -0.030877192982456142,
          -0.006666666666666667
        ],
        "delta_significant": true
      }
    },
    "rungs_separated": {
      "annotated": {
        "n": 1,
        "pairs": [
          {
            "pair": "Llama-3.1-8B < Mistral-24B",
            "separated": false
          },
          {
            "pair": "Mistral-24B < Llama-3.3-70B",
            "separated": true
          },
          {
            "pair": "Llama-3.3-70B < DeepSeek-V4-Flash",
            "separated": false
          }
        ]
      },
      "unannotated": {
        "n": 3,
        "pairs": [
          {
            "pair": "Llama-3.1-8B < Mistral-24B",
            "separated": true
          },
          {
            "pair": "Mistral-24B < Llama-3.3-70B",
            "separated": true
          },
          {
            "pair": "Llama-3.3-70B < DeepSeek-V4-Flash",
            "separated": true
          }
        ]
      }
    },
    "deltas_monotone": true,
    "weak_over_strong_ratio": 10.0,
    "leave_one_family_out": {
      "config_resolver": {
        "rungs_annotated": 1,
        "rungs_unannotated": 2,
        "monotone": false,
        "weak_over_strong_ratio": 9.076923076923077,
        "deltas": {
          "Llama-3.1-8B": -0.20701754385964913,
          "Mistral-24B": -0.10350877192982456,
          "Llama-3.3-70B": -0.11666666666666667,
          "DeepSeek-V4-Flash": -0.02280701754385965
        },
        "delta_ci95": {
          "Llama-3.1-8B": [
            -0.2905349794238683,
            -0.14125412541254126
          ],
          "Mistral-24B": [
            -0.1812206572769953,
            -0.030065359477124184
          ],
          "Llama-3.3-70B": [
            -0.15824175824175823,
            -0.07078189300411522
          ],
          "DeepSeek-V4-Flash": [
            -0.03950617283950617,
            -0.008771929824561403
          ]
        },
        "all_significant": true
      },
      "allowlist": {
        "rungs_annotated": 1,
        "rungs_unannotated": 1,
        "monotone": true,
        "weak_over_strong_ratio": 7.9230769230769225,
        "deltas": {
          "Llama-3.1-8B": -0.18070175438596492,
          "Mistral-24B": -0.1368421052631579,
          "Llama-3.3-70B": -0.062280701754385964,
          "DeepSeek-V4-Flash": -0.02280701754385965
        },
        "delta_ci95": {
          "Llama-3.1-8B": [
            -0.26071428571428573,
            -0.11366120218579236
          ],
          "Mistral-24B": [
            -0.20924092409240924,
            -0.06767676767676768
          ],
          "Llama-3.3-70B": [
            -0.12192982456140351,
            -0.0035087719298245615
          ],
          "DeepSeek-V4-Flash": [
            -0.03934426229508197,
            -0.00905349794238683
          ]
        },
        "all_significant": true
      },
      "status_router": {
        "rungs_annotated": 1,
        "rungs_unannotated": 3,
        "monotone": true,
        "weak_over_strong_ratio": 9.884615384615387,
        "deltas": {
          "Llama-3.1-8B": -0.1822695035460993,
          "Mistral-24B": -0.10567375886524823,
          "Llama-3.3-70B": -0.08439716312056737,
          "DeepSeek-V4-Flash": -0.018439716312056736
        },
        "delta_ci95": {
          "Llama-3.1-8B": [
            -0.24632768361581922,
            -0.1292929292929293
          ],
          "Mistral-24B": [
            -0.16902356902356902,
            -0.046825396825396826
          ],
          "Llama-3.3-70B": [
            -0.13015873015873017,
            -0.036286919831223625
          ],
          "DeepSeek-V4-Flash": [
            -0.032624113475177303,
            -0.007207207207207207
          ]
        },
        "all_significant": true
      },
      "discovery_pipeline": {
        "rungs_annotated": 2,
        "rungs_unannotated": 3,
        "monotone": true,
        "weak_over_strong_ratio": 9.576923076923078,
        "deltas": {
          "Llama-3.1-8B": -0.17659574468085107,
          "Mistral-24B": -0.11063829787234042,
          "Llama-3.3-70B": -0.06595744680851064,
          "DeepSeek-V4-Flash": -0.018439716312056736
        },
        "delta_ci95": {
          "Llama-3.1-8B": [
            -0.24194756554307117,
            -0.12415902140672783
          ],
          "Mistral-24B": [
            -0.17307692307692307,
            -0.05468164794007491
          ],
          "Llama-3.3-70B": [
            -0.11385767790262172,
            -0.021621621621621623
          ],
          "DeepSeek-V4-Flash": [
            -0.032624113475177303,
            -0.00749063670411985
          ]
        },
        "all_significant": true
      },
      "fsm_transition": {
        "rungs_annotated": 2,
        "rungs_unannotated": 3,
        "monotone": true,
        "weak_over_strong_ratio": 9.44,
        "deltas": {
          "Llama-3.1-8B": -0.1673758865248227,
          "Mistral-24B": -0.0950354609929078,
          "Llama-3.3-70B": -0.06595744680851064,
          "DeepSeek-V4-Flash": -0.01773049645390071
        },
        "delta_ci95": {
          "Llama-3.1-8B": [
            -0.23628691983122363,
            -0.1180428134556575
          ],
          "Mistral-24B": [
            -0.15815602836879433,
            -0.04038461538461539
          ],
          "Llama-3.3-70B": [
            -0.11385767790262172,
            -0.021621621621621623
          ],
          "DeepSeek-V4-Flash": [
            -0.031914893617021274,
            -0.006741573033707865
          ]
        },
        "all_significant": true
      },
      "agg_stats": {
        "rungs_annotated": 1,
        "rungs_unannotated": 2,
        "monotone": false,
        "weak_over_strong_ratio": 73.33333333333333,